<?xml version='1.0' encoding='UTF-8'?>
<!DOCTYPE hibernate-configuration PUBLIC
          "-//Hibernate/Hibernate Configuration DTD 3.0//EN"
          "http://www.hibernate.org/dtd/hibernate-configuration-3.0.dtd">
<!-- Generated by MyEclipse Hibernate Tools. -->
<hibernate-configuration>

	<session-factory>
		<property name="dialect">org.hibernate.dialect.MySQL5InnoDBDialect</property>
		<property name="connection.password">root</property>
		<property name="connection.username">root</property>
		<property name="connection.url">jdbc:mysql://localhost:3306/patent</property>
		<property name="connection.driver_class">com.mysql.jdbc.Driver</property>
		<!-- <property name="show_sql">true</property>
		<property name="format_sql">true</property> -->
		<property name="hibernate.hbm2ddl.auto">update</property>
		<property name="connection.characterEncoding">UTF-8</property> 
		
		<property name="hibernate.c3p0.max_size">20</property>
		<property name="hibernate.c3p0.min_size">5</property>
		<property name="hibernate.c3p0.timeout">120</property>
		<property name="automaticTestTable">Test</property>
		<property name="hibernate.c3p0.max_statements">100</property>
		<property name="hibernate.c3p0.idle_test_period">120</property>
		<property name="hibernate.c3p0.acquire_increment">1</property>

		<mapping class="org.shareall.patent.patentstar.CnStarPatent" />
	</session-factory>

</hibernate-configuration>